{"cameraMode":{"drawMode":0,"name":"Shaded","section":"Shading Mode"},"sceneLighting":true,"audioPlay":false,"sceneViewState":{"showFog":true,"showMaterialUpdate":false,"showSkybox":true,"showFlares":true,"showImageEffects":true,"showParticleSystems":true},"in2DMode":false,"pivot":{"x":-3.546566963195801,"y":1.8127446174621583,"z":-1.9796829223632813},"rotation":{"x":-0.09687212854623795,"y":-0.47786521911621096,"z":0.05314788594841957,"w":-0.8715537786483765},"size":0.5301759839057922,"orthographic":false}